"","Locus","Genus","Species","Subsp.Strain","EF013L.1_S97_L001_R1_001.fastq.gz","EF013L.10_S98_L001_R1_001.fastq.gz","EF013L.11_S99_L001_R1_001.fastq.gz","EF013L.12_S100_L001_R1_001.fastq.gz","EF013L.13_S101_L001_R1_001.fastq.gz","EF013L.14_S102_L001_R1_001.fastq.gz","EF013L.2_S103_L001_R1_001.fastq.gz","EF013L.3_S104_L001_R1_001.fastq.gz","EF013L.4_S105_L001_R1_001.fastq.gz","EF013L.5_S106_L001_R1_001.fastq.gz","EF013L.6_S107_L001_R1_001.fastq.gz","EF013L.7_S108_L001_R1_001.fastq.gz","EF013L.8_S109_L001_R1_001.fastq.gz","EF013L.9_S110_L001_R1_001.fastq.gz","EF014L.1_S111_L001_R1_001.fastq.gz","EF014L.10_S112_L001_R1_001.fastq.gz","EF014L.11_S113_L001_R1_001.fastq.gz","EF014L.12_S114_L001_R1_001.fastq.gz","EF014L.13_S115_L001_R1_001.fastq.gz","EF014L.14_S116_L001_R1_001.fastq.gz","EF014L.2_S117_L001_R1_001.fastq.gz","EF014L.3_S118_L001_R1_001.fastq.gz","EF014L.4_S119_L001_R1_001.fastq.gz","EF014L.5_S120_L001_R1_001.fastq.gz","EF014L.6_S121_L001_R1_001.fastq.gz","EF014L.7_S122_L001_R1_001.fastq.gz","EF014L.8_S123_L001_R1_001.fastq.gz","EF014L.9_S124_L001_R1_001.fastq.gz","EF015L.1_S125_L001_R1_001.fastq.gz","EF015L.10_S126_L001_R1_001.fastq.gz","EF015L.11_S127_L001_R1_001.fastq.gz","EF015L.12_S128_L001_R1_001.fastq.gz","EF015L.13_S129_L001_R1_001.fastq.gz","EF015L.14_S130_L001_R1_001.fastq.gz","EF015L.2_S131_L001_R1_001.fastq.gz","EF015L.3_S132_L001_R1_001.fastq.gz","EF015L.4_S133_L001_R1_001.fastq.gz","EF015L.5_S134_L001_R1_001.fastq.gz","EF015L.6_S135_L001_R1_001.fastq.gz","EF015L.7_S136_L001_R1_001.fastq.gz","EF015L.8_S137_L001_R1_001.fastq.gz","EF015L.9_S138_L001_R1_001.fastq.gz","EF016L.1_S139_L001_R1_001.fastq.gz","EF016L.10_S140_L001_R1_001.fastq.gz","EF016L.11_S141_L001_R1_001.fastq.gz","EF016L.12_S142_L001_R1_001.fastq.gz","EF016L.13_S143_L001_R1_001.fastq.gz","EF016L.14_S144_L001_R1_001.fastq.gz","EF016L.2_S145_L001_R1_001.fastq.gz","EF016L.3_S146_L001_R1_001.fastq.gz","EF016L.4_S147_L001_R1_001.fastq.gz","EF016L.5_S148_L001_R1_001.fastq.gz","EF016L.6_S149_L001_R1_001.fastq.gz","EF016L.7_S150_L001_R1_001.fastq.gz","EF016L.8_S151_L001_R1_001.fastq.gz","EF016L.9_S152_L001_R1_001.fastq.gz","EF017L.1_S153_L001_R1_001.fastq.gz","EF017L.10_S154_L001_R1_001.fastq.gz","EF017L.11_S155_L001_R1_001.fastq.gz","EF017L.12_S156_L001_R1_001.fastq.gz","EF017L.13_S157_L001_R1_001.fastq.gz","EF017L.14_S158_L001_R1_001.fastq.gz","EF017L.2_S159_L001_R1_001.fastq.gz","EF017L.3_S160_L001_R1_001.fastq.gz","EF017L.4_S161_L001_R1_001.fastq.gz","EF017L.5_S162_L001_R1_001.fastq.gz","EF017L.6_S163_L001_R1_001.fastq.gz","EF017L.7_S164_L001_R1_001.fastq.gz","EF017L.8_S165_L001_R1_001.fastq.gz","EF017L.9_S166_L001_R1_001.fastq.gz"
"AACCATATACTACAATGTGGCTAGTTTCAACATTGTTTGTCAAATGGCATTTGTCTTTTAGACATTTCCCATTTCAGTTCAAGAACATATACATGCAACGTGATGTTATGAAATTGTAACATCCCTGAATGATATGAACATGTTGCCACTATTTGAGTGTACTCAGCGAATATTGAGATTGACTTAGATAGTGACATGTATGGCAACGATGTTCTTTTGTCATTTGTATAATGCAACCTGAGCTCAGGCGTGAT","ITS2","Haemonchus","placei","Usyd053",12618,11520,4582,13275,11581,11987,12962,14619,13397,12991,17602,12891,10764,8794,12060,13084,19151,18454,3419,18423,12500,12791,15643,17894,8146,13133,13900,14285,17359,12778,9080,12628,11200,11692,17055,13278,14967,14107,12373,13396,10878,11389,16611,18502,18696,20348,18127,18254,17624,16336,15176,15919,16107,14351,20049,17503,3626,4063,3751,4202,4090,3532,3579,3646,4485,4117,3274,3243,3628,4278
"AACCATATACTACAATGTGGCTAGTTTCAACATTGTTTGTCAAATGGCATTTGTCTTTTAGACAATTCCCATTTCAGTTCAAGAACATATACATGCAACGTGATGTTATGAAATTGTAACATCCCTGAATGATATGAACATGTTGCCACTATTTGAGTGTACTCAGCGAATATTGAGATTGACTTAGATAGTGACATGTATGGCAACGATGTTCTTTTGTCATTTGTATAATGCAACCTGAGCTCAGGCGTGAT","ITS2","Haemonchus","placei","Usyd052",11487,9106,3552,10501,9317,9615,11133,12132,11398,11000,14790,11171,8748,6805,8922,9780,14039,13968,2631,13411,8872,9138,11472,12841,5731,9671,10365,10821,15729,11346,8190,11631,9912,10450,15876,12316,13655,12659,11469,12340,10097,10239,13883,15521,15657,16669,15218,15417,14574,13790,12724,13330,13880,12004,16732,14596,3868,4579,4259,4553,4355,3795,4014,3825,4739,4473,3429,3301,3931,4915
"TACTAAATACTACAGTGTGGCTTGTGACACTGTTTGTCGAACGATGCTCATGCTCAATGATCCTCGTTCTAGGTCAGAACCCTATTGCAACAGGTATCTTAGAGGAGTCAAATCCATAAGATATGCTGATGTCGTGATCTCCTTGTCACTGTCAAAGCGTTTAGCGACTAAGAACGTTTTGATGGGGCTTGTATGACAATTGTGTGCATCCACGTCATTTGCAATGCAACCTGAGCTCAGTCGTGAT","ITS2","Oesophagostomum","radiatum",NA,4348,4589,2393,4942,4833,4718,4070,4742,4553,4665,5526,4918,4170,3579,2553,2594,3291,4572,508,4131,2595,3180,3244,3843,2367,2933,3319,3255,8209,6623,5183,6443,6206,6461,7791,5999,7245,6278,6229,6770,5380,6203,284,237,228,259,198,210,260,298,279,251,236,338,221,218,10731,14799,15434,15393,16029,13210,11808,10961,13052,12290,10477,10386,13158,15136
"TACTAAATACTACAGTGTGGCTTGTGACACTGTTTGTCGAACGATGCTCATGCTCAATGATCCTCGTTCTAGGTCAGAACCCTATTGCAACAGGTATCTTAGAGGAGTCAAATCCATAAGATATGCTGATGTCGTGATCTCCTTGTCACTGTCAAAGCGTTTAGCGACTGAGAACGTTTTGATGGGGCTTGTATGACAATTGTGTGCATCCACGTCATTTGCAATGCAACCTGAGCTCAGTCGTGAT","ITS2","Oesophagostomum","radiatum","Usyd006",3685,4187,2144,4295,4211,4249,3387,3910,3919,4089,4674,4178,3910,3040,1671,1771,2264,3214,304,2804,1673,2083,2084,2539,1568,1947,2271,2325,5531,4778,3414,4197,4200,4326,5412,3986,4854,4491,4276,4574,3466,4061,449,448,342,482,325,472,525,473,438,455,476,594,445,401,9255,12572,13137,13054,13707,11255,9984,9444,11172,10608,9189,8936,11463,13176
"AATGAATTTCTACAGTGTGGCTAACTCTAACACTGTTTGTCGAATGGTCATTGTCAAATATTGTGATAATTCCCATTTTAGTTTAAGAATAATACATGCAACATGATGTTAATGTTGAACGACATTAATATCCCTGTATGATGTGAACGTGTTGTCACTGTTTGAATGTACTCAGTGAATTTGAGATTGATTTAAACAGGGACATGTATGACAATAATGTTCAATTATCATTTGTATTGCAACCTGAACTCAGGCGTGAT","ITS2","Trichostrongylus","axei","Usyd033",1068,1110,519,1517,1080,1176,861,1044,1140,1006,1473,1120,1061,1000,1177,900,1299,1593,264,1675,969,1450,1504,1606,1089,1257,1101,1126,1323,1301,937,1104,1349,1061,1521,934,1137,1258,1059,984,1154,1198,333,308,329,339,282,319,293,385,343,398,363,448,369,319,1933,1809,1807,2052,1974,1725,1881,1842,2194,2144,1672,1651,1816,2118
"TACTAAATACTACAGTGTGGCTTGTGACACTGTTTGTCGAACGATGCTCATGCGAATGATCCTCGTTCTAGGTCAGAACCCTATTGCAACAGGTATCTTAGAGGAGTCAAATCCATAAGATATGCTGATGTCGTGATCTCCTTGTCACTGTCAAAGCGTTTAGCGACTAAGAACGTTTTGATGGAGCTTGTATGACAATTGTGTGCATCCACGTCATTTGCAATGCAACCTGAGCTCAGTCGTGAT","ITS2","Oesophagostomum","radiatum","Usyd064",491,409,146,349,368,339,238,347,393,384,371,434,328,259,379,413,551,768,59,635,412,556,526,682,407,474,472,534,1863,1595,985,1417,1378,1435,1673,1220,1573,1494,1248,1477,1267,1246,100,92,84,100,66,68,112,95,94,75,90,102,92,116,1617,2130,2344,2286,2453,1944,1881,1817,2044,1884,1542,1478,1932,2332
"AATGAAACTACTACAGTGTGGCTAGTTCATAACACTGTTTGTCGAATGGTATTTATTACTTTATTGTGATAATTCCCATTCCAGTTCAAGAATATGAAATGCAACATGACGTTAACATTGTTAACGTTACTGAATGATACTGAATATATTACCACTATTTGAATGTACTCAATGAATATGAGATTGATTCAAATAGGGACATGTATGGTATTGTATATTCAATGTATCATTTATATATTGCAACCTGAACTCAGGCGTGAT","ITS2","Ostertagia","ostertagi","Usyd021",782,1131,459,1188,1033,1121,728,869,911,851,1198,986,975,792,0,0,0,12,0,0,0,0,0,0,0,0,0,0,1011,688,523,677,685,638,724,600,711,714,655,746,634,659,456,430,350,440,367,407,570,499,489,530,494,636,413,344,1821,1829,1483,1669,1478,1412,1657,1622,2013,1882,1485,1407,1628,1936
"AACCATTTACTACAATGTGGCTAGTTTCAACATTGTTTGTCAAATGGCATTTGTCTTTTAGACAATTCCCATTTCAGTTCAAGAACATATACATGCAACGTGATGTTATGAAATTGTAACATCCCTGAATGATATGAACATGTTGCCACTATTTGAGTGTACTCAGCGAATATTGAGATTGACTTAGATAGTGACATGTATGGCAACGATGTTCTTTTGTCATTTGTATAATGCAACCTGAGCTCAGGCGTGAT","ITS2","Haemonchus","placei","Usyd052",635,647,166,565,613,566,688,857,711,699,922,676,539,403,743,784,1188,1112,178,1036,730,761,983,1089,434,849,789,978,878,521,433,588,490,497,716,639,662,656,574,615,549,557,675,674,658,715,685,604,579,555,561,572,513,495,681,603,0,0,0,0,0,0,0,0,0,0,0,0,0,0
"TACGAAATACTACAGTGTGGCTTGTGACACTGTTTGTCGAACGATGCTCATGCGAATGATCCTCGTTCTAGGTCAGAACCCTATTGCAACAGGTATCTTAGAGGAGTCAAATCCATAAGATATGCTGATGTCGTGATCTCCTTGTCACTGTCAAAGCGTTTAGCGACTAAGAACGTTTTGATGGGGCTTGTATGACAATTGTGTGCATCCACGTCATTTGCAATGCAACCTGAGCTCAGTCGTGAT","ITS2","Oesophagostomum","radiatum","Usyd064",301,269,120,364,332,349,244,334,315,253,360,318,377,215,96,97,146,160,0,151,96,112,103,118,81,106,118,117,505,349,308,338,395,341,445,309,435,444,331,366,362,359,0,0,0,0,0,0,0,0,0,0,0,0,0,0,1259,1579,1879,1733,1820,1401,1401,1332,1667,1479,1133,1190,1429,1747
"AATGAAACTACTACAGTGTGGCTAGTTTATAACACTGTTTGTCGAATGGTATTTATTACTTTATTGTGATAATTCCCATTCCAGTTCAAGAATATGAAATGCAACATGACGTTAACATTGTTAACGTTACTGAATGATACTGAATATATTACCACTATTTGAATGTACTCAATGAATATGAGATTGATTCAAATAGGGACATGTATGGTATTGTATATTCGATGTATCATTTATATATTGCAACCTGAACTCAGGCGTGAT","ITS2","Ostertagia","ostertagi","Usyd058",430,666,247,662,582,643,463,521,544,403,617,571,615,372,0,0,0,0,0,0,0,0,0,0,0,0,0,0,591,597,495,608,636,593,521,436,472,455,434,497,518,645,181,208,171,200,184,194,248,243,210,195,227,262,190,163,899,1030,810,899,795,773,865,774,994,974,752,756,902,1124
"AACGATATACTACAGTGTGGCTAACGTTTTAACACTGTTTGTCTAATGGCATTTGTCTACACCTGTTTTGACAAATCCCGTTATAGTTCAAGAATAACATATGCAACATAATGTTCATATAGTAATGTGAACATTTCTGAATGATATGAATCTATTATCACTGTTTAAATGTACTCAATGAATATGAGATTGATTTAAACAGGGACATGTTGGAGATAGTAGTATTCGTTATCATTTGTATTGCAACCTGAGCTCAGGCGTGAT","ITS2","Cooperia","punctata",NA,303,397,136,290,314,283,271,251,308,321,369,304,204,262,582,524,746,986,152,974,466,723,685,752,514,623,686,696,91,74,56,0,72,69,113,92,96,83,80,85,0,0,460,489,502,478,454,427,462,401,392,465,413,518,488,477,402,559,497,478,526,458,419,403,492,461,379,327,460,560
"AATGAATTTCTACAGTGTGGCTAACTCTAACACTGTTTGTCGAATGGTCATTGTCAAATATTGTGATAATTCCCATTTTAGTTTAAGAATAATACATGCAACATGATGTTAATGTTGAACGACATTAATGTCCCTGTATGATGTGAACGTGTTGTCACTGTTTGAATGTACTCAGTGAATTTGAGATTAATTTAAACAGGGACATGTATGACAATAATGTTCAATTATCATTTGTATTGCAACCTGAACTCAGGCGTGAT","ITS2","Trichostrongylus","axei","Usyd034",250,341,154,367,272,306,343,359,343,233,486,301,277,208,283,185,328,345,77,332,198,308,333,335,259,259,273,216,323,337,201,252,287,236,348,216,249,276,245,235,219,232,156,168,157,173,110,135,181,168,142,175,177,205,149,140,337,313,299,301,355,289,321,326,392,360,319,263,295,352
"AACGATATACTACAGTGTGGCTAACGTTTTAACACTGTTTGTCTAATGGCATTTGTCTACATCTGTTTTGACAAATCCCGTTATAGTTCAAGAATAACATATGCAACATAATGTTCATATAGTAATATGAACATTTCTGAATGATATCAATCTATTATCACTGTTTAAATGTACTCAATGAATATGAGATTGATTTAAACAGGGACATGTTGGAGATAGTAGTATTCGTTATCATTTGTATTGCAACCTGAGCTCAGGCGTGAT","ITS2","Cooperia","oncophora","Usyd009",146,194,53,201,208,183,229,290,251,224,370,235,151,124,344,341,393,513,86,499,318,376,396,479,287,340,405,396,0,0,0,0,0,0,76,0,0,0,0,0,0,0,482,498,408,440,415,475,524,407,443,401,403,472,430,403,218,343,249,272,250,250,195,195,246,213,197,226,227,335
"TACTAAATACTACAGTGTGGCTTGTGACACTGTTTGTCGAACGATGCTCATGCTCAATGATCTTCGTTCTAGGTCAGAACCCTATTGCAACAGGTATCTTAGAGGAGTCAAATCCATAAGATATGCTGATGTCGTGATCTCCTTGTCACTGTCAAAGCGTTTAGCGACTAAGAACGTTTTGATGGGGCTTGTATGACAATTGTGTGCATCCACGTCATTTGCAATGCAACCTGAGCTCAGTCGTGAT","ITS2","Oesophagostomum","radiatum",NA,0,0,0,0,0,0,0,0,0,0,109,0,117,0,0,0,0,0,0,0,0,0,0,0,0,0,0,0,213,208,150,184,196,127,274,198,207,210,185,177,0,223,0,0,0,0,0,0,0,0,0,0,0,0,0,0,707,905,958,880,1034,787,721,731,842,773,633,695,814,961
"AATGAATTTCTACAGTGTGGCTAACTCTAACACTGTTTGTCGAATGGTCATTGTCAAATATTGTGATAATTCCCATTTTAGTTTAAGAATAATACATGCAACATGATGTTAATGTTGAACGACATTAATATCCCTGTATGATGTGAACGTGTTGTCACTGTTTGAATGTACTCAGTGAATTTGAGATTGATTTAAACAGGGACATGTATGACAATAATGTTTAATTATCATTTGTATTGCAACCTGAACTCAGGCGTGAT","ITS2","Trichostrongylus","axei","Usyd033",0,102,0,202,116,124,82,119,114,101,142,130,143,109,119,110,113,161,0,179,99,156,139,164,99,147,111,93,72,0,0,0,0,0,0,0,0,0,0,0,0,0,46,0,51,0,0,0,51,0,0,0,0,61,0,0,268,295,252,256,267,228,264,231,318,275,225,229,216,283
"AATGAAACTACTACAGTGTGGCTAGTTTATAACACTGTTTGTCGAATGGTATTTATTACTTTATTGTGATAATTCCCATTCCAGTTCAAGAATATGAAATGCAACATGACGTTAACATTGTTAACGTTACTGAATGATACTGAATATATTACCACTATTTGAATGTACTCAATGAATATGAGATTGATTCAAATAGGGACATGTATGGTATTGTATGTTCGATGTATCATTTATATATTGCAACCTGAACTCAGGCGTGAT","ITS2","Ostertagia","ostertagi","Usyd058",133,186,74,202,208,158,0,92,0,91,88,114,95,177,0,0,0,0,0,0,0,0,0,0,0,0,0,0,0,0,0,0,0,0,0,0,0,0,0,0,0,0,84,127,106,104,98,105,125,69,84,91,96,99,103,70,147,117,99,117,125,107,119,98,148,155,109,113,118,142
"AACGATATACTACAGTGTGGCTAACGTTTTAACACTGTTTGTCTAATGGCATTTGTCTACATCTGTTTTGACAAATCCCGTTATAGTTCAAGAATTACATATGCAACATAATGTTCGTATAGTAATATGAACATTTCTGAATGATATCAATCTATTATCACTGTTTAAATGTACTCAATGAATATGAGATTGATTTAAACAGGGACATGTTGGAGATAGTAGTATTCGTTATCATTTGTATTGCAACCTGAGCTCAGGCGTGAT","ITS2","Cooperia","oncophora","Usyd011",154,68,21,64,58,42,84,101,118,99,130,140,25,62,58,87,111,127,0,125,53,80,87,71,55,64,91,103,72,72,0,43,49,63,0,81,0,37,52,64,91,0,130,155,120,124,109,106,126,123,109,115,109,129,118,129,23,0,0,0,0,0,0,0,0,0,0,0,0,0
"AACGATATACTACAGTGTGGCTAACGTTTTAACACTGTTTGTCTAATGGTATTTGTCTACACCTGTTTTGACAAATCCCGTTATAGTTCAAGAATAACATATGCAACATAATGTTCATGTAGTAATGTGAACATTTCTGAATGATATGAATCTATTATCACTGTTTAAATGTACTCAATGAATATGAGATTGATTTAAACAGGGACATGTTGGAGATAGTAGTATTCGTTATCATTTGTATTGCAACCTGAGCTCAGGCGTGAT","ITS2","Cooperia","punctata",NA,0,0,0,0,0,0,0,79,0,0,89,73,0,0,90,83,121,162,0,155,78,127,96,135,85,93,139,116,58,0,0,25,0,0,60,0,0,0,0,40,41,57,97,98,82,116,94,90,93,85,87,92,72,105,128,89,117,85,73,93,83,81,66,109,87,122,65,54,80,106
"AACGATATACTACAGTGTGGCTAACGTTTTAACACTGTTTGTCTAATGGTATCTGTCTACACCTGTTTTGACAAATCCCGTTATAGTTCAAGAATAACATATGCAACATAATGTTCATGTAGTAATGTGAACATTTCTGAATGATATGAATCTATTATCACTGTTTAAATGTACTCAATGAATATGAGATTGATTTAAACAGGGACATGTTGGAGATAGTAGTATTCGTTATCATTTGTATTGCAACCTGAGCTCAGGCGTGAT","ITS2","Cooperia","punctata","Usyd019",0,0,0,0,0,0,0,0,0,0,0,0,0,0,124,123,170,211,52,207,98,159,168,180,109,130,142,168,0,0,0,0,0,0,0,0,0,0,0,0,0,0,64,97,81,99,100,88,92,88,74,76,85,92,78,94,0,75,80,65,74,59,56,0,52,0,46,35,52,71
"AACGATATACTACAGTGTGGCTAACGTTTTAACACTGTTTGTCTAATGGCATTTGTCTACATCTGTTTTGACAAATCCCGTTATAGTTCAAGAATAACATATGCAACATAATGTTCGTATAGTAATATGAACATTTCTGAATGATATCAATCTATTATCACTGTTTAAATGTACTCAATGAATATGAGATTGATTTAAACAGGGACATGTTGGAGATAGTAGTATTCGTTATCATTTGTATTGCAACCTGAGCTCAGGCGTGAT","ITS2","Cooperia","oncophora",NA,0,0,0,0,0,0,0,0,0,0,0,0,0,0,114,98,132,177,0,190,0,133,136,153,107,118,143,167,121,0,82,61,92,0,0,126,97,77,78,88,0,81,0,108,110,128,96,0,15,120,0,102,0,122,136,122,0,0,0,0,0,0,0,0,0,0,0,0,0,0
"AACCATATACTACAATGTGGCTAGTTTCAACATTGTTTGTCAAATGGCATTTGTCTTTTAGACAATTCCCATTTCAGTTCAAGAACATATACATGCAACGTGATGTTATGAAATTGTAACATTCCTGAATGATATGAACATGTTGCCACTATTTGAGTGTACTCAGCGAATATTGAGATTGACTTAGATAGTGACATGTATGGCAACGATGTTCTTTTGTCATTTGTATAATGCAACCTGAGCTCAGGCGTGAT","ITS2","Haemonchus","placei","Usyd053",0,0,0,0,0,0,0,0,0,0,0,0,0,0,223,189,278,308,0,292,205,227,267,311,141,196,245,206,0,0,0,0,0,0,0,0,0,0,0,0,0,0,0,0,0,0,0,0,0,0,0,0,0,0,0,0,0,0,0,0,0,0,0,0,0,0,0,0,0,0
"AACGATATACTACAGTGTGGCTAACGTTTTAACACTGTTTGTCTAATGGCATTTGTCTACACCTGTTTTGACAAATCCCGTTATAGTTCAAGAATAACATATGCAACATAATGTTCATATAGTAATGTGAACATTTCTGAATGATATGAATCTATTATCACTGTTTAAATGTACTCAATGAATATGAGATTGATTTAAACAGGGACATGTAGGAGATAGTAGTATTCGTTATCATTTGTATTGCAACCTGAGCTCAGGCGTGAT","ITS2","Cooperia","punctata","Usyd019",70,70,0,106,76,61,92,72,98,74,159,90,72,64,76,57,97,136,0,121,74,91,82,112,55,68,82,93,0,0,0,0,0,0,0,0,0,0,0,0,0,0,0,62,0,43,53,48,65,42,0,0,0,53,48,0,0,0,0,0,0,0,0,0,0,0,0,0,0,0
"TACTAAATACTACAGTGTGGCTTGTGACACTGTTTGTCGAACGATGCTCATGCTCAATGATCCTCGTTCTAGGTCAGAACCCTATTGCAACAGGTATCTTAGAGGAGTCAAATCCATAAGATATGCTGATGTCGTGATCTCCTTGTCACTGTCAAAGCGTTTAGCGACTAAGAACGTTTTGATGGGGCTTGTATGACAATTGTGTGCATCCACGTCATTTGCAATACAACCTGAGCTCAGTCGTGAT","ITS2","Oesophagostomum","radiatum","Usyd007",0,0,0,0,0,0,0,0,0,0,0,0,0,0,0,0,0,0,0,0,0,0,0,0,0,0,0,0,0,0,0,0,0,0,0,0,0,0,0,0,0,0,0,0,0,0,0,0,0,0,0,0,0,0,0,0,128,198,223,185,220,171,136,154,149,146,139,0,159,198
"AACCATATACTACAATGTGGCTAGTTTCAACATTGTTTGTCAAATGGCATTTGTCTTTTAGACATTTCCCATTTCAGTTCAAGAACATATACATGCAACATGATGTTATGAAATTGCAACATCCCTGAATGATATGAACATGTTGCCACTATTTGAGTGTACTCAGCGAATATTGAGATTGACTTAGATAGTGACATGTATGGCAACGATGTTCTTTTGTCATTTGTATAATGCAACCTGAGCTCAGGCGTGAT","ITS2","Haemonchus","placei","Usyd053",0,0,0,0,0,0,0,0,0,0,0,0,0,0,0,0,0,0,0,0,0,0,0,0,0,0,0,0,162,140,106,157,120,126,195,143,169,169,126,127,125,134,0,0,0,0,0,0,0,0,0,0,0,0,0,0,0,0,0,0,0,0,0,0,0,0,0,0,0,0
"AACGATATACTACAGTGTGGCTAACGTTTTAACACTGTTTGTCTAATGGCATTTGTCTACATCTGTTTTGACAAATCCCGTTATAGTTGAAGAATAACATATGCAACATAATGTTCGTATAGTAATATGAACATTTCTGAATGATATCAATCTATTATCACTGTTTAAATGTACTCAATGAATATGAGATTGATTTAAACAGGGACATGTTGGAGATAGTAGTATTCGTTATCATTTGTATTGCAACCTGAGCTCAGGCGTGAT","ITS2","Cooperia","oncophora","Usyd012",158,95,25,118,92,67,166,93,155,177,179,133,73,80,0,30,31,35,0,31,0,29,0,0,0,0,0,0,0,0,0,0,0,0,0,0,0,0,0,0,0,0,0,0,0,0,22,0,0,0,0,0,0,0,0,0,0,0,0,0,0,0,0,0,0,0,0,0,0,47
"AACGATATACTACAGTGTGGCTAACGTTTTAACACTGTTTGTCTAATGGCATTTGTCTACATCTGTTTTGACAAATCCCGTTATAGTTCAAGAATAACATATGCAACATAATGTTCGTATAGTAATATGAACATTTCTGAATGATATCAATCTATTATCACTGTTTAAATGTACTCAACGAATATGAGATTGATTTAAACAGGGACATGTTGGAGATAGTAGTATTCGTTATCATTTGTATTGCAACCTGAGCTCAGGCGTGAT","ITS2","Cooperia","oncophora","Usyd014",0,0,0,0,0,0,0,0,0,0,0,0,0,0,0,0,0,0,0,0,42,0,0,0,0,0,0,0,0,0,0,0,0,0,0,0,0,0,0,0,0,0,100,125,129,125,104,127,99,102,68,82,96,97,148,119,0,0,28,40,38,31,0,26,26,0,0,0,27,47
"TACTAAATACTACAGTGTGGCTTGTGACACTGTTTGTCGAACGATGCTCATGCGAATGATCCTCGTTCTAGGTCAGATTCCTATTGCAACAGGTATCTTAGAGGAGTCAAATCCATAAGATATGCTGATGTCGTGATCTCCTTGTCACTGTCAAAGCGTTTAGCGACTAAGAACGTTTTGATGGAGCTTGTATGACAATTGTGTGCATCCACGTCATTTGCAATGCAACCTGAGCTCAGTCGTGAT","ITS2","Oesophagostomum","radiatum","Usyd064",0,0,0,0,0,0,0,0,0,0,0,0,0,0,0,0,0,0,0,0,0,0,0,0,0,0,0,0,0,0,0,0,0,0,0,0,0,0,0,0,0,0,0,0,0,0,0,0,0,0,0,0,0,0,0,0,123,122,128,122,103,83,94,108,141,131,92,95,95,116
"AACCATATACTACAATGTGGCTAGTTTCAACATTGTTTGTCAAATGGCATTTGTCTTTTAGACATTTCCCATTTCAGTTCAAGAACATATACATGCAACGTGATGTTATGAAATTGTAACATCCCTGAATGATTTGAACATGTTGCCACTATTTGAGTGTACTCAGCGAATATTGAGATTGACTTAGATAGTGACATGTATGGCAACGATGTTCTTTTGTCATTTGTATAATGCAACCTGAGCTCAGGCGTGAT","ITS2","Haemonchus","placei","Usyd053",0,0,0,0,0,0,0,0,0,0,0,0,0,0,0,0,0,0,0,0,0,0,0,0,0,0,0,0,0,0,0,0,0,0,0,0,0,0,0,0,0,0,0,116,143,146,153,121,0,0,118,154,121,0,140,158,0,0,0,0,0,0,0,0,0,0,0,0,0,0
"AATGAATTTCTACAGTGTGGCTAACTCTAACACTGTTTGTCGAATGGTCATTGTCAAATATTGTGATAATTCCCATTTTAGTTTAAGAATAATACATGCAACATGATGTTAATGTTGAACGACATTAATATCCCTGTATGATGTGAACGTGTTGTCACTGTTTGAATGTACTCAGTGAATTTGAGATTGATTTAAACAGGGACATGTATGACAATAATGTTCAACTATCATTTGTATTGCAACCTGAACTCAGGCGTGAT","ITS2","Trichostrongylus","axei","Usyd033",105,131,0,0,123,99,97,108,97,0,139,107,0,78,0,0,0,0,0,0,0,0,0,0,0,0,0,0,0,0,0,0,0,0,0,0,0,0,0,0,0,0,0,0,0,0,0,0,47,0,0,0,0,0,0,0,0,0,0,0,0,0,0,0,0,0,0,0,0,0
"AACGATATACTACAGTGTGGCTAACGTTTTAACACTGTTTGTCTAATGGCATTTGTCTACACCTGTTTTGACAAATCCCGTTATAGTTCAAGAATAACATATGCAACATAATGTTCATATAGTAATAAGAACATTTCTGAATGATATGAATCTATTATCACTGTTTAAATGTACTCAATGAATATGAGATTGATTTAAACAGGGACATGTTGGAGATAGTAGTATTCGTTATCATTTGTATTGCAACCTGAGCTCAGGCGTGAT","ITS2","Cooperia","punctata",NA,0,0,0,0,0,0,0,0,0,0,0,0,0,0,46,39,53,77,0,58,37,31,61,58,27,39,43,50,0,0,0,0,0,0,0,0,0,0,0,0,0,24,0,26,26,0,0,0,21,22,0,0,0,24,0,24,0,32,24,30,0,33,0,0,0,26,0,0,21,31
"AACTATATACTACAGTGTGGCTAACGTTTTAACACTGTTTGTCTAATGGCATTTGTCTACACCTGTTTTGACAAATCCCGTTATAGTTCAAGAATAACATATGCAACATAATGTTCATATAGTAATGTGAACATTTCTGAATGATATGAATCTATTATCACTGTTTAAATGTACTCAATGAATATGAGATTGATTTAAACAGGGACATGTTGGAGATAGTAGTATTCGTTATCATTTGTATTGCAACCTGAGCTCAGGCGTGAT","ITS2","Cooperia","punctata",NA,0,0,0,0,0,0,0,0,0,0,0,0,0,0,36,22,79,34,0,27,23,70,81,91,0,32,67,30,0,0,0,0,0,0,0,0,0,0,0,0,0,0,0,0,0,25,34,22,0,0,13,20,0,21,0,34,25,22,21,33,0,0,0,0,0,0,18,0,20,25
"TACGAAATACTACAGTGTGGCTTGTGACACTGTTTGTCGAACGATGCTCATGCGAATGATCCTCGTTCTAGGTCAGAACCCTATTGCAACAGGTATCTTAGAGGAGTCAAATCCATAAGATATGCTGATGTCGTGATCTCCTTGTCACTGTCAAAGCGTTTAGCGACTAAGAACGTTTTGATGGAGCTTGTATGACAATTGTGTGCATCCACGTCATTTGCAATGCAACCTGAGCTCAGTCGTGAT","ITS2","Oesophagostomum","radiatum","Usyd064",2,1,0,1,0,0,0,0,3,3,4,1,0,1,0,0,2,2,17,0,0,1,0,0,0,2,0,0,6,4,2,3,9,8,9,6,5,5,7,6,7,5,0,30,0,16,0,21,0,0,24,19,16,33,0,24,31,27,44,26,42,29,20,21,38,20,27,19,30,17
"AACCATATACTACAATGTGGCTAATTTCAACATTGTTTGTTGTCTTTGTCTTTTAGACAAAACATTTGTCTTTTAGACAATTCCCATTTTAGTTTAAGAACATATCCATGCAACGTGATGTTATGAAATTGTAACATCCCTGAATGACATGAACATGTTGCCACTATTTGAGGGTACTCAGCGAATATTGAGATTGACTTAGATAGTGACATGTATGGCGACGATGTTCTTTTATCATTTGTATAATGCAACCTGAGCTCAGGCGTGAT","ITS2","Haemonchus","contortus",NA,0,0,0,0,0,0,0,0,0,0,0,0,0,26,0,0,0,0,0,14,0,0,20,0,16,0,0,0,0,69,60,47,86,58,0,0,0,0,0,0,75,43,29,0,0,0,17,0,37,0,23,0,0,0,0,14,0,0,0,0,0,0,0,0,0,0,0,0,0,0
"AACCATATACTACAATGTGGCTAGTTTCAACATTGTTTGTCAAATGGCATTTGTTTTTTAGACAATTCCCATTTCAGTTCAAGAACATATACATGCAACGTGATGTTATGAAATTGTAACATCCCTGAATGATATGAACATGTTGCCACTATTTGAGTGTACTCAGTGAATATTGAGATTGACTTAGATAGTGACATGTATGGCAACGATGTTCTTTTGTCATTTGTATAATGCAACCTGATCTCAGGCGTGAT","ITS2","Haemonchus","placei","Usyd052",35,0,0,0,0,0,0,0,31,34,38,0,0,0,0,0,0,0,0,0,0,0,0,0,0,0,0,0,59,0,0,0,0,0,42,0,51,41,0,0,0,0,0,37,29,0,28,0,0,0,0,0,0,0,27,24,0,0,0,0,0,0,0,0,0,0,0,0,0,0
"AACCATATACTACAATGTGGCTAGTTTCAACATTGTTTGTCAAATGGCATTTGTCTTTTAGACAATTCCCATTTCAGTTCAATAACATATACATGCAACGTGATGTTATGAAATTGTAACATCCCTGAATGATATGAACATGTTGCCACTATTTGAGTGTACTCAGCGAATATTGAGATTGACTTAGATAGTGACATGTATGGCAACGATGTTCTTTTGTCATTTGTATAATGCAACCTGAGCTCAGGCGTGAT","ITS2","Haemonchus","placei","Usyd052",0,0,0,0,0,0,0,0,0,0,0,0,0,0,0,90,98,0,0,105,0,0,0,78,0,80,0,0,0,0,0,0,0,0,0,0,0,0,0,0,0,0,0,0,0,0,0,0,0,0,0,0,0,0,0,0,0,0,0,0,0,0,0,0,0,0,0,0,0,0
"AACGATATACTACAGTGTGGCTAACGTTTTAACACTGTTTGTCTAATGGTATTTGTCTACACCTGTTTTGACAAATCCCGTTATAGTTCAAGAATAACATATGCAACATAATGTTCATATAGTAATGTGAACATTTCTGAATGATATGAATCTATTATCACTGTTTAAATGTACTCAATGAATATGAGATTGATTTAAACAGGGACATGTTGGAGATAGTAGTATTCGTTATCATTTGTATTGCAACCTGAGCTCAGGCGTGAT","ITS2","Cooperia","punctata",NA,60,35,0,35,0,0,52,0,38,41,0,0,0,0,0,0,0,0,0,0,0,0,0,0,0,0,0,0,0,0,0,0,0,0,1,26,41,46,35,0,0,0,0,0,0,0,0,0,1,0,0,0,1,0,0,1,0,3,0,0,1,0,0,1,0,0,0,0,0,0
"AATGAATTTCTACAGTGTGGCTAACTCTAACACTGTTTGTCGAATGGTCATTGTCAAATATTGTGATAATTCCCATTTTAGTTTAAGAATAATACATGCAACATGATGTTAATGTTGAACGACATTAATATCCCTGTATGATGTGAACGTGTTGTCACTGTTTGAATGTACTCAGTGAATTTGAGATTGATTTAAACAGGGACATGTATGACAATAATGTTCAATTATCATTTGTATTGCAACCTGAATTCAGGCGTGAT","ITS2","Trichostrongylus","axei","Usyd033",0,0,0,0,0,0,0,0,0,0,0,0,0,0,0,0,0,0,0,0,0,0,0,0,0,0,0,0,83,63,0,61,0,0,0,0,0,88,0,0,95,0,0,0,0,0,0,0,0,0,0,0,0,0,0,0,0,0,0,0,0,0,0,0,0,0,0,0,0,0
"AACCATATACTACAATGTGGCTAATTTCAACATTGTTTGTCAAATGGCATTTGTCTTTTAGACAATTCCCATTTCAGTTCAAGAACATATACATGCAACGTGATGTTATGAAATTGTAACATTCCTGAATGATATGAACATGTTGCCACTATTTGAGTGTACTCAGCGAATATTGAGATTGACTTAGATAGTGACTTGTATGGCGACGATGTTCTTTTATCATTTGTATAATGCAACCTGAGCTCAGGCGTGAT","ITS2","Haemonchus","contortus",NA,0,0,0,0,0,0,0,0,0,0,0,0,0,0,0,0,0,0,0,0,0,0,0,0,0,0,0,0,22,38,0,33,25,23,30,26,25,33,28,28,38,24,0,0,0,0,0,0,0,0,0,0,0,0,0,0,0,0,0,0,0,0,0,0,0,0,0,0,0,0
"AATGAATTTCTACAGTGTGGCTAACTCTAACACTGTTTGTCGAATGGTCATTGTCAAATATTGTGATAATTCCCATTTTAGTTTAAGAATAATACATGCAACATGATGTTAATGTTGAACGACATTAATGTCCCTGAATGATGTGAACGTGTTGTCACTGTTTGAATGTACTCAGTGAATTTGAGATTAATTTAAACAGGGACATGTATGACAATAATGTTCAATTATCATTTGTATTGCAACCTGAACTCAGGCGTGAT","ITS2","Trichostrongylus","axei","Usyd034",0,104,0,0,68,72,0,0,0,48,0,0,0,0,0,0,0,0,0,42,0,0,0,0,0,0,0,0,0,0,0,0,0,0,0,0,0,0,0,0,0,0,0,0,0,0,0,0,0,0,0,0,0,0,0,0,0,0,0,0,0,0,0,0,0,0,0,0,0,0
"AACGATATACTACAGTGTGGCTAACGTTTTAACACTGTTTGTCTAATGGCATTTGTCTACATCTGTTTTGACAAATCCCGTTATAGTTCAAGAATAACATATGCAACATAATGTTCGTATAGTAATATGAACATTTCTGAATGATATCAATCTATTATTACTGTTTAAATGTACTCAACGAATATGAGATTGATTTAAACAGGGACATGTTGGAGATAGTAGTATTCGTTATCATTTGTATTGCAACCTGAGCTCAGGCGTGAT","ITS2","Cooperia","oncophora","Usyd014",0,0,0,0,0,0,0,0,0,0,0,0,0,0,26,30,43,42,0,45,0,25,29,44,16,0,0,30,0,0,0,0,0,0,0,0,0,0,0,0,0,0,0,0,0,0,0,0,0,0,0,0,0,0,0,0,0,0,0,0,0,0,0,0,0,0,0,0,0,0
"AACCATATACTACAATGTGGCTAATTTCAACATTGTTTGTTGTCTTTGTCTTTTAGACAAAACACTTGTCTTTTAGACAATTCCCATTTTATCTTTTAGACAATTCCCATTTTAGTTTAAGAACATATCCATGCAACGTGATGTTATGAAATTGTAACATCCCTGAATGACAGGAACATGCTGCCACTATTTGAGGGTACTCAGCGAATATTGAGATTGACTTAGATAGTGACATGTATGGCGACGATGTTCTTTTATCATTTGTATAATGCAACCTGAGCTCAGGCGTGAT","ITS2","Haemonchus","contortus",NA,16,0,0,11,23,14,0,0,2,0,0,0,0,22,0,0,0,0,0,0,4,7,0,0,0,0,0,0,12,0,0,0,0,0,0,5,8,0,10,4,0,0,0,8,7,5,0,3,0,0,0,6,5,10,0,0,0,0,0,0,4,0,0,0,0,0,0,0,0,0
"AACCATATACTACAATGTGGCTAACTTCAACATTGTTTGTTGTCTTTGTCTTTTAGACAAAACATTTGTCTTTTAGACAATTCCCATTTTAGTTTAAGAACATATCCATGCAACGTGATGTTATGAAATTGTAACATCCCTGAATGACATGAACATGTTGCCACTATTTGAGGGTACTCAGCGAATATTGAGATTGACTTAGATAGTGACATGTATGGCGACGATGTTCTTTTATCATTTGTATAATGCAACCTGAGCTCAGGCGTGAT","ITS2","Haemonchus",NA,NA,0,31,0,0,0,43,22,0,0,0,0,0,0,0,0,0,0,0,0,0,0,0,0,0,0,0,0,0,0,0,0,0,0,0,45,0,0,25,0,0,0,0,0,0,0,0,0,0,0,0,0,0,0,0,0,0,0,0,0,0,0,0,0,0,0,0,0,0,0,0
"TACTAAATACTACAGTGTGGCTTGTGACACTGTTTGTCGAACGATGCTCATGCTCAATGATCCTCGTTCTAGGTCAGAACCCTATTGCAACAGGTATCTTAGAGGAGTCAAATCCATAAGATATGCTGATGTCGTGATCTCCTTGTTACTGTCAAAGCGTTTAGCGACTAAGAACGTTTTGATGGGGCTTGTATGACAATTGTGTGCATCCACGTCATTTGCAATGCAACCTGAGCTCAGTCGTGAT","ITS2","Oesophagostomum","radiatum",NA,0,0,0,0,0,0,0,0,0,0,0,0,0,0,0,0,0,0,0,0,0,0,0,0,0,0,0,0,0,0,0,0,0,0,0,0,0,0,0,0,0,0,0,0,0,0,0,41,66,0,0,0,50,0,0,0,0,0,0,0,0,0,0,0,0,0,0,0,0,0
"AATGAATTTCTACAGTGTGGCTAACTCTAACACTGTTTGTCGAATGGTCATTGTCAAATATTCTGATAATTCCCATTTTAGTTTAAGAATAATACATGCAACATGATGTTAATGTTGAACGACATTAATATCCCTGTATGATGTGAACGTGTTGTCACTGTTTGAATGTACTCAGTGAATTTGAGATTGATTTAAACAGGGACATGTATGACAATAATGTTCAATTATCATTTGTATTGCAACCTGAACTCAGGCGTGAT","ITS2","Trichostrongylus","axei","Usyd033",0,0,0,0,0,0,0,0,0,0,0,0,0,0,0,0,0,0,0,0,0,0,0,0,0,0,0,0,0,0,0,0,0,0,0,0,0,0,0,0,0,0,0,0,0,0,0,0,0,0,0,0,0,0,0,0,0,0,0,0,44,0,0,0,59,0,42,0,0,0
"TACTAAATACTACAGTGTGGCTTGTGACACTGTTTGTCGAACGATGCTCATGCGAATGATCCTCGTTCTAGATCAGAATCCTATTGCAACAGGTATCTTTAAGGAGTCAAATCCACAAGATATGCTGATGTCGTGATCTCATTGTCACTGTCAAAGCCGACTAAGAACGTTTTGATGGGGCCTGTATGACACTCATGTGTATCCACGTCATTTGCAATGCAACCTGAGCTCAGTCGTGAT","ITS2","Oesophagostomum","radiatum","Usyd064",3,0,0,0,0,0,0,0,0,0,7,0,0,0,7,0,0,7,0,0,0,0,0,0,0,0,0,0,5,0,0,0,0,0,0,0,0,0,0,0,19,0,0,0,0,0,0,0,0,0,0,0,0,0,0,0,0,8,0,6,13,12,11,0,0,0,9,8,12,17
"AATGAATTTCTACAGTGTGGCTAACTCTAACACTGTTTGTCGAATGGTCATTGTCAAATATTGTGATAATTCCCATTTTAGTTTAAGAATAATACATGCAACATGATGTTACTGTTGAACGACATTAATGTCCCTGTATGATGTGAACGTGTTGTCACTGTTTGAATGTACTCAGTGAATTTAAGATTAATTTAAACAGGGACATGTATGACAATAATGTTCAATTATCATTTGTATTGCAACCTGAACTCAGGCGTGAT","ITS2","Trichostrongylus","axei","Usyd034",0,0,0,0,0,0,0,0,0,0,0,0,0,0,0,0,0,0,0,0,0,0,0,0,0,0,0,0,0,0,0,0,0,0,0,0,0,0,0,0,0,0,0,0,0,0,0,0,0,0,0,0,0,0,0,0,15,0,0,27,22,0,18,0,28,0,0,16,0,18
"AACCATATACTACAATGTGGCTAGTTTCAACATTGTTTGTCAAATGGCATTTGTCTTTTAGACAATTCCCATTTCAGTTCAAGAACATATACATGCAACGTGATGTTATGAAATTGTAACATCCCTGAATGATATGAACATGTTGCCACTATTTGAGTGTACTCAGCGAATATTGAGATTGACTTAGATAGTGACATGTATGGTAACGATGTTCTTTTGTCATTTGTATAATGCAACCTGAGCTCAGGCGTGAT","ITS2","Haemonchus","placei","Usyd052",0,0,0,0,0,0,0,0,0,0,0,0,0,0,0,0,0,0,0,0,0,0,0,0,0,0,0,0,143,0,0,0,0,0,0,0,0,0,0,0,0,0,0,0,0,0,0,0,0,0,0,0,0,0,0,0,0,0,0,0,0,0,0,0,0,0,0,0,0,0
"AACGATATACTACAGTGTGGCTAACGTTTTAACACTGTTTGTCTAATGGCATTTGTCTACATCTGTTTTGACAAATCCCGTTATAGTTGAAGAATAACATATGCAACATAGTGTTCGTATAGTAATATGAACATTTCTGAATGATATCAATCTATTATCACTGTTTAAATGTACTCAATGAATATGAGATTGATTTAAACAGGGACATGTTGGAGATAGTAGTATTCGTTATCATTTGTATTGCAACCTGAGCTCAGGCGTGAT","ITS2","Cooperia","oncophora","Usyd012",0,0,0,0,0,0,0,0,0,0,0,0,0,0,0,0,0,0,0,0,0,0,0,0,0,0,0,0,0,0,0,0,0,0,0,0,0,0,0,0,0,0,0,0,0,0,0,0,0,0,0,0,0,0,0,0,0,31,0,0,31,0,0,0,0,25,0,0,28,0
"AACCATATACTACAATGTGGCTAATTTCAACATTGTTTGTTGTCTTTGTCTTTTAGACAAAACACTTGTCTTTTAGACAATTCCCATTTTAGTTTAAGAACATATCCATGCAACGTGATGTTATGAAATTGTAACATCCCTGAATGACAGGAACATGCTGCCACTATTTGAGGGTACTCAGCGAATATTGAGATTGACTTAGATAGTGACATGTATGGCGACGATGTTCTTTTATCATTTGTATAATGCAACCTGAGCTCAGGCGTGAT","ITS2","Haemonchus","contortus",NA,0,0,0,0,0,0,0,0,0,0,0,0,25,0,0,0,0,0,0,0,0,0,0,0,0,0,0,0,0,0,0,0,0,0,0,5,0,0,4,8,0,0,0,0,0,22,0,0,0,25,0,0,23,0,0,0,0,0,0,0,0,0,0,0,0,0,0,0,0,0
"AACCATATACTACAATGAGGGCTAATTTCAACATTGTTTGTCAAATGGCATTTGTCTTTAAGACAATTCCCATTTCAGTTCAAGAACATATACATGCAACGTGATGTTATGAAATTGTAACATCCCTGAATGATATGAACATGTTGCCACTATTTGAGTGTACTCAGCGAATATAGAGATGACTTAGATAGTGACATGTATAGCGACGATGTTCTTTTATCATTTGTATAATGCAACCTGAGCTCAGGCGTGAT","ITS2","Haemonchus","contortus","Usyd039",0,0,0,0,0,0,0,0,0,0,0,0,0,0,0,0,0,0,0,0,0,0,0,0,0,0,0,0,0,0,0,0,0,0,0,26,19,0,25,29,0,0,0,0,0,0,0,0,0,0,0,0,0,0,0,0,0,0,0,0,0,0,0,0,0,0,0,0,0,0
"AACGATATACTACAGTGTGGCTAACGTTTTAACACTGTTTGTCTAATGGCATTTGTCTACACCTGTTTTGACAAATCCCGTTATAGTTCAAGAATAACATATGCAACATAATGTTCATGTAGTAATGTGAACATTTCTGAATGATATGAATCTATTATCACTGTTTAAATGTACTCAATGAATATGAGATTGATTTAAACAGGGACATGTTGGAGATAGTAGTATTCGTTATCATTTGTATTGCAACCTGAGCTCAGGCGTGAT","ITS2","Cooperia","punctata",NA,0,0,0,0,0,0,0,0,0,0,0,0,0,0,0,0,0,0,0,0,0,0,0,0,0,0,0,0,0,0,0,29,0,0,0,0,0,0,0,0,32,0,0,0,0,0,0,0,0,0,0,0,0,0,0,0,0,0,0,0,0,0,0,0,0,0,0,0,0,0
"AATGAATTCCTATAGTGTGGCTAACTCTAACACTGTTTGTCGAATGGTCATTGTCAAATATTGTGATAATTCCCATTTTAGTTTAAGAATAATACATGCAACATGATGTTAATGTTGAACGACATTAATATCCCTGTATGATGTGAACGTGTTGTCACTGTTTGAATGTACTCAGTGAATTTGAGATTGATTTAAACAGGGACATGTATGACAATAATGTTCAATTATCATTTGTATTGCAACCTGAACTCAGGCGTGAT","ITS2","Trichostrongylus","axei","Usyd033",0,0,0,0,0,0,0,0,0,0,0,0,0,0,0,0,0,0,0,0,0,0,0,0,0,0,0,0,0,0,0,0,0,0,0,0,0,0,0,0,0,0,0,0,0,0,0,0,0,0,0,0,0,0,0,0,0,28,0,0,0,0,0,0,33,0,0,0,0,0
"AACCATATACTACAATGTGGCTAACTTCAACATTGTTTGTTGTCTTTGTCTTTTAGACAAAACATTTGTCTTTTAGACAATTCCCATTTTAGTTTAAGAACATATCCATGCAACGTGATGTTATGAAATTGTAACATCCCTGAATGACATGAACATGTTGCCACTATTTGAGGGTACTCAGCGAATATTGAGATTGACTTAGATAGTGACATGTATGGCGACGATGTTCTTTTATCATTTGTATAAAGCAACCTGAGTTCAGGCGTGAT","ITS2","Haemonchus",NA,NA,0,22,0,0,0,0,13,0,0,20,0,0,0,0,0,0,0,0,0,0,0,0,0,0,0,0,0,0,0,0,0,0,0,0,0,0,0,0,0,0,0,0,0,0,0,0,0,0,0,0,0,0,0,0,0,0,0,0,0,0,0,0,0,0,0,0,0,0,0,0
"TACTAAATACTACAGTGTGACTCGTGACACTGTGTCGAACGATGCTCATGCGTATGATCCTCGTTCTAGATCAGAACCCTATTGCAATTGTTATCTTTGAGGAGTCAAATCCATAATAAGATACACTGATGTCGTGATCTCATTGTCACCGTCAAAGCGTTTAGCGACTAAGAACGTTTTGATAGGGCCTATATGACAATTGTGTACATTCACGCCATTTGCAATGCAACCTGAGCTCAGTCGTGAT","ITS2","Oesophagostomum","radiatum","Usyd064",0,0,0,0,6,0,0,0,0,0,0,0,0,0,0,0,0,0,0,0,0,0,0,0,0,0,0,0,0,11,0,0,11,0,0,0,0,0,0,0,0,0,0,0,0,0,0,0,0,0,0,0,0,0,0,0,11,0,0,0,0,0,0,0,0,15,0,0,0,0
"AATGAAACTACTACAGTGTGGCTAGTTTATAACACTGTTTGTCGAATGGTATTTATTACTTTATTGTGATAATTCCCATTCCAGTTCAAGAATATGAAATGCAACATGACGTTAACATTGTTAACGTTACTGAATGATACTGAATATATTACCACTATTTGAATGTACTCAATGAATATGAGATTGATTCAAATAGGGACATGTATGGTATTGTATATTCCATGTATCATTTATATATTGCAACCTGAACTCAGGCGTGAT","ITS2","Ostertagia","ostertagi","Usyd058",0,0,0,0,0,0,0,0,0,0,0,0,0,0,0,0,0,0,0,0,0,0,0,0,0,0,0,0,0,0,0,0,0,0,0,0,0,0,0,0,0,47,0,0,0,0,0,0,0,0,0,0,0,0,0,0,0,0,0,0,0,0,0,0,0,0,0,0,0,0
"AACCATATACTAAATGTGGCTAACTTCAACATTGTTTGTTGTCTTTGTCTTTTAGACAAAACATTTGTCTTTTAGACAATTCCCATTTTAGTTTAAGAACATATCCATGCAACGTGATGCTATGAAATTGTAACATCCCTGAATGACATGAACATGTTGCCACTATTTGAGGGTACTCAGCGAATATTGAGATTGGCTTAGATAGTGACATGTATGGCGACGATGTTCTTTTATCATTTGTATAAAGCAACCTGAGTTCAGGCGTGAT","ITS2","Haemonchus","contortus",NA,0,0,0,0,0,0,0,0,0,0,0,0,0,0,0,0,0,0,0,0,0,10,0,0,0,0,0,0,0,0,0,0,0,0,0,14,0,0,0,19,0,0,0,0,0,0,0,0,0,0,0,0,0,0,0,0,0,0,0,0,0,0,0,0,0,0,0,0,0,0
"AACCATATACTACAATGAGGGCTAATTTCAACATTGTTTGTCAAATGGCATTTGTCTTTAAGACAATTCCCATTTCAGTTCAAGAACATATACATGCAACGTGATGTTATGAAATTGTAACATCCCTGAATGATATGAACATGTTGCCACTATTTGAGTGTACTCAGCGAATATAGAGGTGACTTAGATAGTGACATGTATAGCGACGATGTTCTTTTATCATTTGTATAATGCAACCTGAGCTCAGGCGTGAT","ITS2","Haemonchus","contortus","Usyd048",0,0,0,0,0,0,0,0,0,0,0,0,0,0,0,0,0,0,0,0,0,0,0,0,0,0,0,0,0,0,0,0,8,0,15,0,0,0,0,0,0,7,0,0,0,0,0,0,0,0,0,0,0,0,0,0,0,0,0,0,0,0,0,0,0,0,0,0,0,0
"AATGAATTTCTACAGTGTGGCTAATTCTAACACTGTTTGTCGAGTGGTCATTGTCAAATATTGTGATAATTCCCATTTTAGTTTAAGAATAATACATGCAACATGATGTTAATGTTGAACGACATTAATGTCCCTGTATGATGTGAACGTGTTGTCACTGTTTGAATGTACTCAGTGAATTTGAGATTAATTTAAACAGGGACATGTATGACAATAATGTTCAATTATCATTTGTATTGCAACCTGAACTCAGGCGTGAT","ITS2","Trichostrongylus","axei","Usyd034",0,0,0,0,0,0,0,0,0,0,0,0,0,0,0,0,0,0,0,0,0,0,0,0,0,0,0,0,0,0,0,0,0,0,0,0,0,0,0,0,0,0,0,0,0,0,0,0,0,0,0,0,0,0,0,0,25,0,0,0,0,0,0,0,0,0,0,0,0,0
"AACCGTATACTACAATGTGGCTAATTTCAACATTGTTTGTTGTCTTTGTCTTTTAGACAAAACATTTGTCTTTTAGACAATTCCCATTTTAGTTTAAGAACATATCCATGCAACGTGATGTTATGAAATTGTAACATCCCTGAATGACATGAACATGTTGCCACTATTTGAGGGTACTCAGCGAATATTGAGATTGACTTAGATAGTGACATGTATGGCGACGATGTTCTTTTATCATTTGTATAATGCAAACTGAGCTCAGGCGTGAT","ITS2","Haemonchus","contortus",NA,0,0,0,0,0,0,0,0,0,0,0,24,0,0,0,0,0,0,0,0,0,0,0,0,0,0,0,0,0,0,0,0,0,0,0,0,0,0,0,0,0,0,0,0,0,0,0,0,0,0,0,0,0,0,0,0,0,0,0,0,0,0,0,0,0,0,0,0,0,0
"AACCATATACTACAATGTGGCTAATTTCAACATTGTTTGTTATCTTTGTCTTTTAGACAAAACATTTGTCTTTTAGACAATTCCCATTTTAGTTTAAGAACATATCCATGCAACGTGATGTTATGAAATTGTAACATCCCTGAATGACATGAACATGTTGCCACTATTTGAGGGTACTCAGCGAATATTGAGATTGACTTAGATAGTGACATGTATGGCGACGATGTTCTTTTATCATTTGTATAATGCAACCTGAGCTCAGGCGTGAT","ITS2","Haemonchus","contortus",NA,0,0,0,0,0,0,0,0,0,0,0,0,0,0,20,0,0,0,0,0,0,0,0,0,0,0,0,0,0,0,0,0,0,0,0,0,0,0,0,0,0,0,0,0,0,0,0,0,0,0,0,0,0,0,0,0,0,0,0,0,0,0,0,0,0,0,0,0,0,0
"AACCATATACTACAATGTGGCTAATTTCAACATTGTTTGTTGTCTTTGTCTTTTAGACAAAACATTTGTCTTTTAGACAATTCCCATTTTAGTCTAAGAACATATCCATGCAACGTGATGTTATGAAATTGTAACATCCCTGAATGACATGAACATGTTGCCACTATTTGAGGGTACTCAGCGAATATTGAGATTGACTTAGATAGTGACATGTATGGCGACGATGTTCTTTTATCATTTGTATAATGCAACCTGAGCTCAGGCGTGAT","ITS2","Haemonchus","contortus",NA,0,0,0,0,0,0,0,15,0,0,0,0,0,0,0,0,0,0,0,0,0,0,0,0,0,0,0,0,0,0,0,0,0,0,0,0,0,0,0,0,0,0,0,0,0,0,0,0,0,0,0,0,0,0,0,0,0,0,0,0,0,0,0,0,0,0,0,0,0,0
"TACTAAATACTACAGTGTGGCTTGTGACACTGTTTGCCGAACGATGCTCATGCGAATGATCCTCGTTCTAGATCAGAATCCTATTGCAACAGGTATCTTTAAGGAGTCAAATCCACAAGATATGCTGATGTCGTGATCTCATTGTCACTGTCAAAGCCGACTAAGAACGTTTTGATGGGGCCTGTATGACACTCATGTGTATCCACGTCATTTGCAATGCAACCTGAGCTCAGTCGTGAT","ITS2","Oesophagostomum","radiatum","Usyd064",0,0,0,0,0,0,0,0,0,0,0,0,0,0,0,0,0,0,0,0,0,0,0,0,0,0,0,0,0,0,0,15,0,0,0,0,0,0,0,0,0,0,0,0,0,0,0,0,0,0,0,0,0,0,0,0,0,0,0,0,0,0,0,0,0,0,0,0,0,0
"AACCATATACTACAATGTGGCTAATTTCAACATTGTTTGTTGTCTTTGTCTTTTAGACAAAACATTTGTCTTTTAGACAATTCCCATTTTAGTTTAAGAACATATCCATGCAACGTGATGTTATGAAATTGTAACATCCCTGAATGACATGAACATGTTGCCACTATTTGAGGGTACTCAGCGAATATTGAGATTGACTTAGATAGTGACATGTATGGCGACGATGTTCTTTTATCATTCGTATAATGCAACCTGAGCTCAGGCGTGAT","ITS2","Haemonchus","contortus",NA,0,0,0,0,0,0,0,0,0,0,0,0,0,10,0,0,0,0,0,0,0,0,0,0,0,0,0,0,0,0,0,0,0,0,0,0,0,0,0,0,0,0,0,0,0,0,0,0,0,0,0,0,0,0,0,0,0,0,0,0,0,0,0,0,0,0,0,0,0,0
"AACCATATACTACAATGTGGCTAGTTTCAACATTGTTTGTCAAATGGCATTTGTCAAATGTTTGTCAAATGTCTTTTAGACATTTCCCATTTCAGTTCAAGAACATATACATGCAACGTGATGTTATGAAATTGTAACATCCCTGAATGATATGAACATGTTGCCACTATTTGAGTGTACTCAGCGAATATTGAGATTGACTTAGATAGTGACATGTATGGCAACGATGTTCTTTTGTCATTTGTATAATGCAACCTGAGCTCAGGCGTGAT","ITS2","Haemonchus","placei",NA,0,0,0,0,0,0,0,9,0,0,0,0,0,0,0,0,0,0,0,0,0,0,0,0,0,0,0,0,0,0,0,0,0,0,0,0,0,0,0,0,0,0,0,0,0,0,0,0,0,0,0,0,0,0,0,0,0,0,0,0,0,0,0,0,0,0,0,0,0,0
"AATGGTATACTACAGTGTGGCTAACGTTTTAAAACTGTTTGTCTAATGGCATTTGTCTACACCTGTTTCGACAAACCCAGTTATAGTTCAAGAATAACATATGCAACATAATGTTCATATAGTAATGTGAACATTTCTGAATGATATGAGTCTATTATCACTGTTTAAATGTACTCAATGAATATGAGATTGATTTAAGCAGGGACATGTTGGAGATAGTAGTTTCATTATCATTTGTATTGCAACCTGAGCTCAGGCGTGAT","ITS2","Cooperia","punctata",NA,0,0,0,0,0,0,0,8,0,0,0,0,0,0,0,0,0,0,0,0,0,0,0,0,0,0,0,0,0,0,0,0,0,0,0,0,0,0,0,0,0,0,0,0,0,0,0,0,0,0,0,0,0,0,0,0,0,0,0,0,0,0,0,0,0,0,0,0,0,0
"AACCATATACTACAATGTGGCTAGTTTCAACATTGTTTGTCAAATGGCATTTGTCTTTTAGACAATTCCCATTTCAGTTCAAGAACATATACATGCAACGTGATGTTATACGTGACGTGAGGGTTGTTAACCATATACTACAATGTGGCTAGTTTCAACATTGTTTGTCAAATGGCATTTGTCTTTTAGACAATTCCCATTTCAGTTCAAGAACATATACATGCAACGTGATGTTATGAAATTGTAACATCCCTGAATGATATGAACATGTTGCCACTATTTGAGTGTACTCAGCGAATATTGAGATTGACTTAGATAGTGACATGTATGGCAACGATGTTCTTTTGTCATTTGTATAATGCAACCTGAGCTCAGGCGTGAT","ITS2","Haemonchus","placei","Usyd052",0,0,0,0,0,0,0,0,0,0,0,0,0,0,0,0,0,0,0,0,0,0,0,0,0,0,0,0,6,0,0,0,0,0,0,0,0,0,0,0,0,0,0,0,0,0,0,0,0,0,0,0,0,0,0,0,0,0,0,0,0,0,0,0,0,0,0,0,0,0
"TACTAAATACTACAGTGTGGCTTGTGACACTGTTTGTCGAACGATGCTCATGCGAATGATCCACGTTCTAGATCAGAATCCTATTGCAACAGGTATCTTTAAGGAGTCAAATCCACAAGATATGCTGATGTCGTGATCTCATTGTCACTGTCAAAGCGTTTAGCGACTAAGAACGTTTTGATGGGGCCTGTATGACACTCATGTGTATCCACGTCATTTGCAATGCAACCTGAGCTCAGTCGTGAT","ITS2","Oesophagostomum","radiatum","Usyd064",0,5,0,0,0,0,0,0,0,0,0,0,0,0,0,0,0,0,0,0,0,0,0,0,0,0,0,0,0,0,0,0,0,0,0,0,0,0,0,0,0,0,0,0,0,0,0,0,0,0,0,0,0,0,0,0,0,0,0,0,0,0,0,0,0,0,0,0,0,0
"TACTAAATACTACAGTGTGACTCGTGACACTGTGTCGAACGATGCTCATGCGTATGATCCTCGTTCTAGATCAGAACCCCATTGCAACTGTTATCTTTGAGGAGTCAAATCCATAATAAAATACACTGATGTCGTGATCTCACTGTCACTGTCAAAGCGTTTAGCGACTAAGAACGTTTTGATAGGGCCTGTATGACAATTGTGTACATCCACGTCATTTGCAATGCAACCTGAGCTCAGTTGCGAT","ITS2","Oesophagostomum","radiatum","Usyd064",0,0,0,0,0,0,0,0,0,0,0,0,0,0,0,0,0,0,0,0,0,0,0,0,0,0,0,0,0,0,0,0,0,0,0,0,0,0,0,0,5,0,0,0,0,0,0,0,0,0,0,0,0,0,0,0,0,0,0,0,0,0,0,0,0,0,0,0,0,0
"TACTAAATACTACAGTGTGGCTAACTCTAACACTGTTTGTCGAATGGTCATTGTCAAATATTCTGATAATTCCCATTTTAGTTTAAGAATAATACATGCAACATGATGTTAATGTTGAACGACATTAATATCCCTGTATGATGTGAACGTGTTGTCACTGTTTGAATGTACTCAGTGAATTTGAGATTGATTTAAACAGGGACATGTATGACAATAATGTTCAATTATCATTTGTATTGCAACCTGAACTCAGGCGTGAT","ITS2","Trichostrongylus","axei","Usyd033",0,0,0,0,0,0,0,0,0,0,0,0,0,0,0,0,0,0,0,0,0,0,0,0,0,0,0,0,0,0,0,0,0,0,0,0,0,0,0,0,0,0,0,0,0,0,0,0,0,0,0,0,0,0,0,0,0,0,0,0,0,1,0,0,1,1,1,0,0,0
"AACCATATACTACAATGTGGCTAGTTTCAACATTGTTTGTCAAATGGCATTTGTCTTTTAGACAATTCCCATTTCAGTTCAAGAACATATACATGCAACGTGATGTTATGAAATTGTAATTATTTGAGTGTACTCAGCGAATATTGAGATTGACTTAGATAGTGACATGTATGGCAACGATGTTCTTTTGTCATTTGTATAATGCAACCTGAGCTCAGGCGTGAT","ITS2","Haemonchus","placei","Usyd052",0,0,0,0,0,0,0,0,0,0,0,0,0,0,0,0,0,0,0,0,0,0,0,0,0,0,0,0,0,0,2,0,0,0,0,0,0,0,0,0,0,0,0,0,0,0,0,0,0,0,0,0,0,0,0,0,0,0,0,0,0,0,0,0,0,0,0,0,0,0
"AACCATATACTACAATGTGGCTAGTTTCAACATTGTTTGTCAAATGGCATTTGTCTTTTAGACAATTCCCATTTCAGTTCAAGAACATATACATGCAACGTGATGTTATGAAATTGTAACATCCCTGAATGATATTTATTTATTTATTTATTTAGTTTGCACTCTTGGTGACATATGAACATGTTGCCACTATTTGAGTGTACTCAGCGAATATTGAGATTGACTTAGATAGTGACATGTATGGCAACGATGTTCTTTTGTCATTTGTATAATGCAACCTGAGCTCAGGCGTGAT","ITS2","Haemonchus","placei","Usyd052",0,0,0,0,0,0,0,0,0,0,0,0,0,0,0,0,0,0,0,0,0,0,0,0,0,0,0,0,0,0,0,0,0,0,0,0,0,0,0,0,0,0,0,0,0,0,0,0,0,0,0,0,0,0,0,0,2,0,0,0,0,0,0,0,0,0,0,0,0,0
